,col0,col1,col2,col3,col4,col5,col6,col7,col8,col9,col10
0,0,boundary,Static,Black,128.0,-2.5,0.0,256.0,5.0,,
1,1,boundary,Static,Black,-2.5,128.0,0.0,5.0,256.0,,
2,2,boundary,Static,Black,128.0,258.5,0.0,256.0,5.0,,
3,3,boundary,Static,Black,258.5,128.0,0.0,5.0,256.0,,
4,4,bar,Static,Purple,128.0,2.559999942779541,0.0,256.0,5.12,,
5,5,jar,Dynamic,Gray,190.93333435058597,58.95457077026367,0.0,89.91057285498249,117.90914154052734,59.73333333333334,
6,6,circle,Dynamic,Green,190.93333435058597,242.8836669921875,,,,,12.5
7,7,User Circle,Dynamic,Red,220.0,190.0,,,,,19.0
