,col0,col1,col2,col3,col4,col5,col6
0,Target,-0.2075,0.7727079000000001,0.175,0.04999959,0.08541586,0.04999948
1,FailOnTouchObstacleMed,-0.1775,0.79,-0.085,0.1,0.12,0.04999995
2,FailOnTouchObstacleLong,0.1325,0.79,-0.004999999000000001,0.15,0.12,0.05000001
3,FailOnTouchObstacleShort,0.2325,0.79,0.135,0.04999995,0.12,0.04999995
4,FailOnTouchObstacleShort-1,-0.2375,0.79,0.105,0.04999995,0.12,0.04999995
5,FailOnTouchObstacleMed-1,-0.1275,0.79,0.035,0.1,0.12,0.04999995
6,FailOnTouchObstacleLong-1,0.1225,0.79,0.135,0.15,0.12,0.05000001
