,col0,col1,col2,col3,col4,col5,col6,col7,col8,col9,col10,col11,col12,col13,col14,col15,col16,col17,col18,col19,col20,col21,col22,col23,col24,col25,col26,col27,col28,col29,col30,col31
0,rs1295686,C,T,C,T,-0.139762,-0.0072,0.671795,0.7862819999999999,False,False,False,ebi-a-GCST002245,5,131995843,0.0198,54162,0.7177,Alzheimer's disease (late onset),True,26475,1.36079e-08,5,0.0243138,131995843,ieu-a-44,Asthma || id:ieu-a-44,True,reported,igd,2,True
1,rs1837253,C,T,C,T,0.1485,-0.0163,0.740829,0.7475149999999999,False,False,False,ebi-a-GCST002245,5,110401872,0.0181,54162,0.3694,Alzheimer's disease (late onset),True,26475,3.0267e-10,5,0.0233551,110401872,ieu-a-44,Asthma || id:ieu-a-44,True,reported,igd,2,True
2,rs2284033,A,G,A,G,-0.113329,0.0069,0.489087,0.419483,False,False,False,ebi-a-GCST002245,22,37534034,0.0155,54162,0.6531,Alzheimer's disease (late onset),True,26475,1.1534e-08,22,0.0204191,37534034,ieu-a-44,Asthma || id:ieu-a-44,True,reported,igd,2,True
3,rs2290400,C,T,C,T,-0.173953,0.0129,0.47922700000000007,0.508946,False,False,False,ebi-a-GCST002245,17,38066240,0.0158,54162,0.4167,Alzheimer's disease (late onset),True,26475,2.7688499999999997e-18,17,0.021449799999999998,38066240,ieu-a-44,Asthma || id:ieu-a-44,True,reported,igd,2,True
4,rs3771166,A,G,A,G,-0.139762,-0.0046,0.394841,0.402584,False,False,False,ebi-a-GCST002245,2,102986222,0.0158,54162,0.7703,Alzheimer's disease (late onset),True,26475,3.51884e-12,2,0.0198881,102986222,ieu-a-44,Asthma || id:ieu-a-44,True,reported,igd,2,True
5,rs744910,A,G,A,G,-0.113329,-0.018000000000000002,0.502877,0.519881,False,False,False,ebi-a-GCST002245,15,67446785,0.0152,54162,0.23800000000000002,Alzheimer's disease (late onset),True,26475,3.9252700000000004e-09,15,0.0204191,67446785,ieu-a-44,Asthma || id:ieu-a-44,True,reported,igd,2,True
6,rs992969,G,A,G,A,-0.17078800000000002,-0.0192,0.787088,0.748509,False,False,False,ebi-a-GCST002245,9,6209697,0.0175,54162,0.2711,Alzheimer's disease (late onset),True,26475,4.02532e-14,9,0.022697400000000003,6209697,ieu-a-44,Asthma || id:ieu-a-44,True,reported,igd,2,True
