,col0,col1,col2,col3,col4,col5,col6,col7,col8,col9,col10,col11,col12,col13,col14,col15,col16,col17,col18,col19,col20,col21,col22,col23,col24,col25,col26,col27,col28,col29,col30,col31,col32,col33,col34,col35,col36,col37,col38,col39,col40,col41,col42,col43,col44,col45,col46,col47,col48,col49,col50,col51,col52,col53,col54,col55,col56,col57,col58,col59,col60,col61,col62,col63,col64,col65,col66,col67,col68,col69,col70,col71,col72,col73,col74
0,L100,<root_package>,<root_package>,__LogicalRoot__,L103,0.09880689999999999,26,141,81,0.06820830000000001,0.0817491,935,817,0.0,0.0,0,0,0,0.26552800000000004,0.165219,1978,171,473,0,0,0,0,0,0,0,0,0,1,0,0,9994,13708,481,144,36,6,76,84,8,1028,4859,65,50,4,7,6,724,32,0,0,3033,0,0,0,0,0,0,0,0,0,0,0,0,0,0,0,0,0,0,0
1,L104,com,com,L100,L103,0.09880689999999999,26,141,81,0.06820830000000001,0.0817491,935,817,0.0,0.0,0,0,0,0.26552800000000004,0.165219,1978,171,473,0,0,0,0,0,0,0,0,0,2,0,0,9994,13708,481,144,36,6,76,84,8,1028,4859,65,50,4,7,5,724,32,0,0,3033,0,0,0,0,0,0,0,0,0,0,0,0,0,0,0,0,0,0,0
2,L105,squareup,com.squareup,L104,L103,0.10529000000000001,26,141,81,0.07284199999999999,0.0872304,935,817,0.0,0.0,0,0,0,0.275081,0.166874,1876,170,448,0,0,0,0,0,0,0,0,0,1,0,0,9366,12836,440,120,29,5,62,71,7,968,4669,52,40,4,7,2,678,29,0,0,2824,0,0,0,0,0,0,0,0,0,0,0,0,0,0,0,0,0,0,0
3,L5176,example,com.example,L104,L103,0.0,0,0,0,0.0,0.0,0,0,0.0,0.0,0,0,0,0.0384615,0.139726,102,1,25,0,0,0,0,0,0,0,0,0,1,0,0,628,872,41,24,10,1,14,13,1,60,190,13,10,0,0,1,46,3,0,0,209,0,0,0,0,0,0,0,0,0,0,0,0,0,0,0,0,0,0,0
4,L106,picasso,com.squareup.picasso,L105,L103,0.10529000000000001,26,141,81,0.0,0.0,0,0,0.27529000000000003,0.167419,1854,166,437,0.275081,0.166874,1876,170,448,9220,12636,433,118,5,71,7,955,52,1,665,29,9366,12836,440,120,29,5,62,71,7,968,4669,52,40,4,7,1,678,29,0,0,2824,0,0,0,0,0,0,0,0,0,0,0,0,0,0,0,0,0,0,0
5,L5177,picasso,com.example.picasso,L5176,L103,0.0,0,0,0,0.0,0.0,0,0,0.0384615,0.139726,102,1,25,0.0384615,0.139726,102,1,25,628,872,41,24,1,13,1,60,13,0,46,3,628,872,41,24,10,1,14,13,1,60,190,13,10,0,0,0,46,3,0,0,209,0,0,0,0,0,0,0,0,0,0,0,0,0,0,0,0,0,0,0
6,L182,pollexor,com.squareup.picasso.pollexor,L106,L103,0.0,0,0,0,0.0,0.0,0,0,0.266667,0.13095199999999999,22,4,11,0.266667,0.13095199999999999,22,4,11,146,200,7,2,0,0,0,13,0,0,13,0,146,200,7,2,17,0,2,0,0,13,70,0,2,0,0,0,13,0,0,0,25,0,0,0,0,0,0,0,0,0,0,0,0,0,0,0,0,0,0,0
