,col0,col1,col2,col3,col4,col5,col6
0,Target,0.0725,0.7727079000000001,0.175,0.04999959,0.08541586,0.04999948
1,FailOnTouchObstacleLong,0.2025,0.79,0.165,0.15,0.12,0.05000001
2,FailOnTouchObstacleMed,-0.0075,0.79,0.035,0.1,0.12,0.04999995
3,FailOnTouchObstacleShort,-0.2975,0.79,-0.015,0.04999995,0.12,0.04999995
4,FailOnTouchObstacleShort-1,0.1625,0.79,-0.135,0.04999995,0.12,0.04999995
5,FailOnTouchObstacleMed-1,-0.0575,0.79,0.155,0.1,0.12,0.04999995
6,FailOnTouchObstacleLong-1,0.2325,0.79,-0.045,0.15,0.12,0.05000001
