,col0,col1,col2,col3,col4,col5,col6,col7,col8,col9,col10
0,0,boundary,Static,Black,128.0,-2.5,0.0,256.0,5.0,,
1,1,boundary,Static,Black,-2.5,128.0,0.0,5.0,256.0,,
2,2,boundary,Static,Black,128.0,258.5,0.0,256.0,5.0,,
3,3,boundary,Static,Black,258.5,128.0,0.0,5.0,256.0,,
4,4,bar,Static,Purple,128.0,2.559999942779541,0.0,256.0,5.12,,
5,5,jar,Dynamic,Gray,190.93338012695312,7.83259105682373,1.7093043425120413e-06,89.91057285498249,15.665182113647461,59.73333333333334,
6,6,circle,Dynamic,Green,190.93333435058597,217.28366088867188,,,,,12.5
7,7,User Circle,Dynamic,Red,169.0,131.0,,,,,30.0
