,col0,col1,col2,col3,col4,col5,col6
0,Target,0.1425,0.7727079000000001,0.175,0.04999959,0.08541586,0.04999948
1,FailOnTouchObstacleShort,-0.0775,0.79,-0.095,0.04999995,0.12,0.04999995
2,FailOnTouchObstacleLong,0.2225,0.79,-0.175,0.15,0.12,0.05000001
3,FailOnTouchObstacleMed,0.1225,0.79,-0.065,0.1,0.12,0.04999995
4,FailOnTouchObstacleShort-1,0.0925,0.79,0.075,0.04999995,0.12,0.04999995
5,FailOnTouchObstacleMed-1,-0.2475,0.79,0.045,0.1,0.12,0.04999995
6,FailOnTouchObstacleLong-1,-0.1275,0.79,-0.155,0.15,0.12,0.05000001
